ScientificName	AphiaID	Match type	LSID	ScientificName_1	AphiaID_accepted	ScientificName_accepted
Acanthais	395238	exact	urn:lsid:marinespecies.org:taxname:395238	Acanthais	395238	Acanthais
Acanthais brevidentata	395268	exact	urn:lsid:marinespecies.org:taxname:395268	Acanthais brevidentata	395268	Acanthais brevidentata
Acanthina monodon	377982	exact	urn:lsid:marinespecies.org:taxname:377982	Acanthina monodon	377982	Acanthina monodon
Acanthophora spicifera	211768	exact	urn:lsid:marinespecies.org:taxname:211768	Acanthophora spicifera	211768	Acanthophora spicifera
Acanthopleura echinata	386269	exact	urn:lsid:marinespecies.org:taxname:386269	Acanthopleura echinata	386269	Acanthopleura echinata
Actinostella flosculifera	289355	exact	urn:lsid:marinespecies.org:taxname:289355	Actinostella flosculifera	289355	Actinostella flosculifera
Adenocystis utricularis	325420	exact	urn:lsid:marinespecies.org:taxname:325420	Adenocystis utricularis	325420	Adenocystis utricularis
Ahanfeltiopsis durvillae	372231	phonetic	urn:lsid:marinespecies.org:taxname:372231	Ahnfeltiopsis durvillei	372231	Ahnfeltiopsis durvillei
AHNFELTIOPSIS	144164	exact	urn:lsid:marinespecies.org:taxname:144164	Ahnfeltiopsis	144164	Ahnfeltiopsis
Ahnfeltiopsis furcellata	213966	exact	urn:lsid:marinespecies.org:taxname:213966	Ahnfeltiopsis furcellata	213966	Ahnfeltiopsis furcellata
Amphiroa sp.	144003	exact	urn:lsid:marinespecies.org:taxname:144003	Amphiroa	144003	Amphiroa
Anachis nigricans	511415	exact	urn:lsid:marinespecies.org:taxname:511415	Anachis nigricans	747172	Parvanachis nigricans
Anachis reedi	511429	exact	urn:lsid:marinespecies.org:taxname:511429	Anachis reedi	511429	Anachis reedi
Anachis rugulosa	511435	exact	urn:lsid:marinespecies.org:taxname:511435	Anachis rugulosa	511435	Anachis rugulosa
Anachis sp	137802	match_deleted	urn:lsid:marinespecies.org:taxname:137802	Anachis	137802	Anachis
Anadyomene stellata	145012	exact	urn:lsid:marinespecies.org:taxname:145012	Anadyomene stellata	145012	Anadyomene stellata
Anemonia alicemartinae	283318	exact	urn:lsid:marinespecies.org:taxname:283318	Anemonia alicemartinae	283318	Anemonia alicemartinae
Anthopleura nigrescens	283368	exact	urn:lsid:marinespecies.org:taxname:283368	Anthopleura nigrescens	283368	Anthopleura nigrescens
Anthopleura sp.	100696	exact	urn:lsid:marinespecies.org:taxname:100696	Anthopleura	100696	Anthopleura
ANTHOZOA	1292	exact	urn:lsid:marinespecies.org:taxname:1292	Anthozoa	1292	Anthozoa
Ascophyllum nodosum	145541	exact	urn:lsid:marinespecies.org:taxname:145541	Ascophyllum nodosum	145541	Ascophyllum nodosum
Ascoseira mirabilis	325432	exact	urn:lsid:marinespecies.org:taxname:325432	Ascoseira mirabilis	325432	Ascoseira mirabilis
Aulacomya atra	505963	exact	urn:lsid:marinespecies.org:taxname:505963	Aulacomya atra	505963	Aulacomya atra
Austrolitorina araucana	446840	phonetic	urn:lsid:marinespecies.org:taxname:446840	Austrolittorina araucana	446840	Austrolittorina araucana
Austrolittorina araucana	446840	exact	urn:lsid:marinespecies.org:taxname:446840	Austrolittorina araucana	446840	Austrolittorina araucana
Austromegabalanus psittacus	535006	exact	urn:lsid:marinespecies.org:taxname:535006	Austromegabalanus psittacus	535006	Austromegabalanus psittacus
Axiidae sp.	106798	exact	urn:lsid:marinespecies.org:taxname:106798	Axiidae	106798	Axiidae
Bacillariophycanae	591186	exact	urn:lsid:marinespecies.org:taxname:591186	Bacillariophycanae	591186	Bacillariophycanae
Balanus	106122	exact	urn:lsid:marinespecies.org:taxname:106122	Balanus	106122	Balanus
BALANUS	106122	exact	urn:lsid:marinespecies.org:taxname:106122	Balanus	106122	Balanus
Balanus glandula Darwin, 1854	394848	exact	urn:lsid:marinespecies.org:taxname:394848	Balanus glandula	394848	Balanus glandula
Balanus glandula Darwin, 1855	394848	exact	urn:lsid:marinespecies.org:taxname:394848	Balanus glandula	394848	Balanus glandula
Balanus laevis	173651	exact	urn:lsid:marinespecies.org:taxname:173651	Balanus laevis	173651	Balanus laevis
Bittium sp	137758	exact	urn:lsid:marinespecies.org:taxname:137758	Bittium	137758	Bittium
Bostrychia radicans	157313	exact	urn:lsid:marinespecies.org:taxname:157313	Bostrychia radicans	157313	Bostrychia radicans
Bostrychia scorpioides	144791	exact	urn:lsid:marinespecies.org:taxname:144791	Bostrychia scorpioides	144791	Bostrychia scorpioides
Bostrychia tenella	211501	exact	urn:lsid:marinespecies.org:taxname:211501	Bostrychia tenella	211501	Bostrychia tenella
BRACHIDONTES	138215	exact	urn:lsid:marinespecies.org:taxname:138215	Brachidontes	138215	Brachidontes
Brachidontes adamsianus	505982	exact	urn:lsid:marinespecies.org:taxname:505982	Brachidontes adamsianus	505982	Brachidontes adamsianus
Brachidontes granulata	505990	near_2	urn:lsid:marinespecies.org:taxname:505990	Brachidontes granulatus	505990	Brachidontes granulatus
Brachidontes playasensis	505999	exact	urn:lsid:marinespecies.org:taxname:505999	Brachidontes playasensis	505999	Brachidontes playasensis
Brachidontes rodriguezii/Brachidontes purpuratus	138215	exact	urn:lsid:marinespecies.org:taxname:138215	Brachidontes	138215	Brachidontes
Brachidontes semilaevis	505997	exact	urn:lsid:marinespecies.org:taxname:505997	Brachidontes semilaevis	505997	Brachidontes semilaevis
BRIOPSIS	143812	phonetic	urn:lsid:marinespecies.org:taxname:143812	Bryopsis	143812	Bryopsis
Bryopsis australis Sonder	374257	exact	urn:lsid:marinespecies.org:taxname:374257	Bryopsis australis	374257	Bryopsis australis
Bunodactis octoradiata	283398	exact	urn:lsid:marinespecies.org:taxname:283398	Bunodactis octoradiata	283398	Bunodactis octoradiata
Bunodosoma sp	100700	exact	urn:lsid:marinespecies.org:taxname:100700	Bunodosoma	100700	Bunodosoma
Caepidium antarcticum	373447	exact	urn:lsid:marinespecies.org:taxname:373447	Caepidium antarcticum	373447	Caepidium antarcticum
Calcinus explorator	367436	exact	urn:lsid:marinespecies.org:taxname:367436	Calcinus explorator	367436	Calcinus explorator
Calcinus obscurus	367450	exact	urn:lsid:marinespecies.org:taxname:367450	Calcinus obscurus	367450	Calcinus obscurus
CAPRELLIDAE	101361	exact	urn:lsid:marinespecies.org:taxname:101361	Caprellidae	101361	Caprellidae
Capreolia implexa	373492	exact	urn:lsid:marinespecies.org:taxname:373492	Capreolia implexa	373492	Capreolia implexa
Carcinus maenas	107381	exact	urn:lsid:marinespecies.org:taxname:107381	Carcinus maenas	107381	Carcinus maenas
Carditamera affinis	504857	exact	urn:lsid:marinespecies.org:taxname:504857	Carditamera affinis	504857	Carditamera affinis
Caulerpa racemosa	144472	exact	urn:lsid:marinespecies.org:taxname:144472	Caulerpa racemosa	144472	Caulerpa racemosa
Caulerpa sertularioides	144474	exact	urn:lsid:marinespecies.org:taxname:144474	Caulerpa sertularioides	144474	Caulerpa sertularioides
Centroceras clavulatum	144531	exact	urn:lsid:marinespecies.org:taxname:144531	Centroceras clavulatum	144531	Centroceras clavulatum
Centroceras rodamanii	623676	near_1	urn:lsid:marinespecies.org:taxname:623676	Centroceras rodmanii	623676	Centroceras rodmanii
CERAMIUM	143834	exact	urn:lsid:marinespecies.org:taxname:143834	Ceramium	143834	Ceramium
Ceramium involutum	325436	exact	urn:lsid:marinespecies.org:taxname:325436	Ceramium involutum	325436	Ceramium involutum
Ceramium sp	143834	exact	urn:lsid:marinespecies.org:taxname:143834	Ceramium	143834	Ceramium
Ceramium sp.	143834	exact	urn:lsid:marinespecies.org:taxname:143834	Ceramium	143834	Ceramium
Cerithidea	204619	exact	urn:lsid:marinespecies.org:taxname:204619	Cerithidea	204619	Cerithidea
Cerithium adustum	574959	exact	urn:lsid:marinespecies.org:taxname:574959	Cerithium adustum	574959	Cerithium adustum
Cerithium gallapaginis	574961	exact	urn:lsid:marinespecies.org:taxname:574961	Cerithium gallapaginis	574961	Cerithium gallapaginis
Cerithium menkei	760540	exact	urn:lsid:marinespecies.org:taxname:760540	Cerithium menkei	760540	Cerithium menkei
Cerithium sp	137760	exact	urn:lsid:marinespecies.org:taxname:137760	Cerithium	137760	Cerithium
Chaetomorpha antennina	145021	exact	urn:lsid:marinespecies.org:taxname:145021	Chaetomorpha antennina	145021	Chaetomorpha antennina
Chaetomorpha firma	373649	exact	urn:lsid:marinespecies.org:taxname:373649	Chaetomorpha firma	373649	Chaetomorpha firma
Chaetomorpha sp.	143995	exact	urn:lsid:marinespecies.org:taxname:143995	Chaetomorpha	143995	Chaetomorpha
Chaetopleura peruviana	848069	exact	urn:lsid:marinespecies.org:taxname:848069	Chaetopleura peruviana	848069	Chaetopleura peruviana
Chaetopteridae sp.	918	exact	urn:lsid:marinespecies.org:taxname:918	Chaetopteridae	918	Chaetopteridae
Chiton granosus	386777	exact	urn:lsid:marinespecies.org:taxname:386777	Chiton granosus	386200	Chiton (Chiton) granosus
Chiton magnificus	386779	exact	urn:lsid:marinespecies.org:taxname:386779	Chiton magnificus	386779	Chiton magnificus
Chiton stokesii	386784	exact	urn:lsid:marinespecies.org:taxname:386784	Chiton stokesii	386784	Chiton stokesii
Chiton sulcatus	386838	exact	urn:lsid:marinespecies.org:taxname:386838	Chiton sulcatus	386268	Radsia sulcatus
Chondracanthus chamissois	213951	near_1	urn:lsid:marinespecies.org:taxname:213951	Chondracanthus chamissoi	213951	Chondracanthus chamissoi
Chondria secundata	619816	exact	urn:lsid:marinespecies.org:taxname:619816	Chondria secundata	619816	Chondria secundata
Chondrus crispus	145625	exact	urn:lsid:marinespecies.org:taxname:145625	Chondrus crispus	145625	Chondrus crispus
Chtamalus cirratus	733188	phonetic	urn:lsid:marinespecies.org:taxname:733188	Chthamalus cirratus	733188	Chthamalus cirratus
Chthamalus bisinuatus	733187	exact	urn:lsid:marinespecies.org:taxname:733187	Chthamalus bisinuatus	733187	Chthamalus bisinuatus
Chthamalus cirratus	733188	exact	urn:lsid:marinespecies.org:taxname:733188	Chthamalus cirratus	733188	Chthamalus cirratus
Chthamalus panamensis	733191	exact	urn:lsid:marinespecies.org:taxname:733191	Chthamalus panamensis	733191	Chthamalus panamensis
Cladophora prolifera	145060	exact	urn:lsid:marinespecies.org:taxname:145060	Cladophora prolifera	145060	Cladophora prolifera
Cladophora sp.	143996	exact	urn:lsid:marinespecies.org:taxname:143996	Cladophora	143996	Cladophora
Cladophoropsis adhaerens	503391	exact	urn:lsid:marinespecies.org:taxname:503391	Cladophoropsis adhaerens	503391	Cladophoropsis adhaerens
Clathromorphum	144006	exact	urn:lsid:marinespecies.org:taxname:144006	Clathromorphum	144006	Clathromorphum
Clibanarius albidigitus	367489	exact	urn:lsid:marinespecies.org:taxname:367489	Clibanarius albidigitus	367489	Clibanarius albidigitus
Cliona celata	134121	exact	urn:lsid:marinespecies.org:taxname:134121	Cliona celata	134121	Cliona celata
Codium dimorphum	373433	exact	urn:lsid:marinespecies.org:taxname:373433	Codium dimorphum	373433	Codium dimorphum
Codium sp.	143999	exact	urn:lsid:marinespecies.org:taxname:143999	Codium	143999	Codium
Colpomenia sinuosa	145857	exact	urn:lsid:marinespecies.org:taxname:145857	Colpomenia sinuosa	145857	Colpomenia sinuosa
Colpomenia sinuosa (Mertens ex Roth) DerbÂ‚s et Solier	145857	exact	urn:lsid:marinespecies.org:taxname:145857	Colpomenia sinuosa	145857	Colpomenia sinuosa
Colpophyllia natans	289697	exact	urn:lsid:marinespecies.org:taxname:289697	Colpophyllia natans	289697	Colpophyllia natans
Columbella major	511462	exact	urn:lsid:marinespecies.org:taxname:511462	Columbella major	511462	Columbella major
Columbella sp	137803	exact	urn:lsid:marinespecies.org:taxname:137803	Columbella	137803	Columbella
Concholepas concholepas	395353	exact	urn:lsid:marinespecies.org:taxname:395353	Concholepas concholepas	395353	Concholepas concholepas
Conus nux	428223	exact	urn:lsid:marinespecies.org:taxname:428223	Conus nux	428223	Conus nux
CORALINA	325747	phonetic	urn:lsid:marinespecies.org:taxname:325747	Corallina	325747	Corallina
Corallina officinalis	145108	exact	urn:lsid:marinespecies.org:taxname:145108	Corallina officinalis	145108	Corallina officinalis
Corallina officinalis var. chilensis	550769	exact	urn:lsid:marinespecies.org:taxname:550769	Corallina officinalis var. chilensis	550769	Corallina officinalis var. chilensis
Corallina panizzoi	372903	exact	urn:lsid:marinespecies.org:taxname:372903	Corallina panizzoi	372903	Corallina panizzoi
Corallina sp	144007	exact	urn:lsid:marinespecies.org:taxname:144007	Corallina	144007	Corallina
Corallinaceae sp.	143691	exact	urn:lsid:marinespecies.org:taxname:143691	Corallinaceae	143691	Corallinaceae
Corallinales	15308	exact	urn:lsid:marinespecies.org:taxname:15308	Corallinales	15308	Corallinales
Corallinophycidae	368687	exact	urn:lsid:marinespecies.org:taxname:368687	Corallinophycidae	368687	Corallinophycidae
Coscinodiscophycidae	148971	exact	urn:lsid:marinespecies.org:taxname:148971	Coscinodiscophycidae	148971	Coscinodiscophycidae
Crepidula arenata	593782	exact	urn:lsid:marinespecies.org:taxname:593782	Crepidula arenata	593782	Crepidula arenata
Crepipatella dilatata	234137	exact	urn:lsid:marinespecies.org:taxname:234137	Crepipatella dilatata	234137	Crepipatella dilatata
Curdiea racovitzae	325488	exact	urn:lsid:marinespecies.org:taxname:325488	Curdiea racovitzae	325488	Curdiea racovitzae
Cyrtograpsus altimanus	444763	exact	urn:lsid:marinespecies.org:taxname:444763	Cyrtograpsus altimanus	444763	Cyrtograpsus altimanus
Derbesia sp.	143814	exact	urn:lsid:marinespecies.org:taxname:143814	Derbesia	143814	Derbesia
Desmanthus sp.	132083	exact	urn:lsid:marinespecies.org:taxname:132083	Desmanthus	132083	Desmanthus
Desmarestia antarctica	325497	exact	urn:lsid:marinespecies.org:taxname:325497	Desmarestia antarctica	325497	Desmarestia antarctica
Diadumene sp.	100728	exact	urn:lsid:marinespecies.org:taxname:100728	Diadumene	100728	Diadumene
Dictyopteris plagiogramma	145359	exact	urn:lsid:marinespecies.org:taxname:145359	Dictyopteris plagiogramma	145359	Dictyopteris plagiogramma
Dictyosphaeria versluysii	214397	exact	urn:lsid:marinespecies.org:taxname:214397	Dictyosphaeria versluysii	214397	Dictyosphaeria versluysii
Dictyota	144086	exact	urn:lsid:marinespecies.org:taxname:144086	Dictyota	144086	Dictyota
Dictyota dichotoma	145367	exact	urn:lsid:marinespecies.org:taxname:145367	Dictyota dichotoma	145367	Dictyota dichotoma
Dictyota sp.	144086	exact	urn:lsid:marinespecies.org:taxname:144086	Dictyota	144086	Dictyota
Diodora saturnalis	575114	exact	urn:lsid:marinespecies.org:taxname:575114	Diodora saturnalis	575114	Diodora saturnalis
Dolabrifera dolabrifera	224652	exact	urn:lsid:marinespecies.org:taxname:224652	Dolabrifera dolabrifera	224652	Dolabrifera dolabrifera
Dumontia contorta	145228	exact	urn:lsid:marinespecies.org:taxname:145228	Dumontia contorta	145228	Dumontia contorta
Durvillaea antarctica	373370	exact	urn:lsid:marinespecies.org:taxname:373370	Durvillaea antarctica	373370	Durvillaea antarctica
Dynamena	117229	exact	urn:lsid:marinespecies.org:taxname:117229	Dynamena	117229	Dynamena
Echinodermata	1806	exact	urn:lsid:marinespecies.org:taxname:1806	Echinodermata	1806	Echinodermata
Echinolittorina apicina	446850	exact	urn:lsid:marinespecies.org:taxname:446850	Echinolittorina apicina	446850	Echinolittorina apicina
Echinolittorina aspera	446852	exact	urn:lsid:marinespecies.org:taxname:446852	Echinolittorina aspera	446852	Echinolittorina aspera
Echinolittorina conspersa	446855	exact	urn:lsid:marinespecies.org:taxname:446855	Echinolittorina conspersa	446855	Echinolittorina conspersa
Echinolittorina lineolata	446863	exact	urn:lsid:marinespecies.org:taxname:446863	Echinolittorina lineolata	446863	Echinolittorina lineolata
Echinolittorina paytensis	446867	exact	urn:lsid:marinespecies.org:taxname:446867	Echinolittorina paytensis	446867	Echinolittorina paytensis
Echinolittorina porcata	446870	exact	urn:lsid:marinespecies.org:taxname:446870	Echinolittorina porcata	446870	Echinolittorina porcata
Echinolittorina sp.	345756	exact	urn:lsid:marinespecies.org:taxname:345756	Echinolittorina	345756	Echinolittorina
Echinolittorina tenuistriata	446876	exact	urn:lsid:marinespecies.org:taxname:446876	Echinolittorina tenuistriata	446876	Echinolittorina tenuistriata
Echinometra lucunter	213380	exact	urn:lsid:marinespecies.org:taxname:213380	Echinometra lucunter	213380	Echinometra lucunter
Echinometra vanbrunti	513244	exact	urn:lsid:marinespecies.org:taxname:513244	Echinometra vanbrunti	513244	Echinometra vanbrunti
Elysia diomedea	494440	exact	urn:lsid:marinespecies.org:taxname:494440	Elysia diomedea	494440	Elysia diomedea
ENTEROMORPHA	144294	exact	urn:lsid:marinespecies.org:taxname:144294	Enteromorpha	144296	Ulva
Enteromorpha sp.	144294	exact	urn:lsid:marinespecies.org:taxname:144294	Enteromorpha	144296	Ulva
Epitonium fabrizioi	458075	exact	urn:lsid:marinespecies.org:taxname:458075	Epitonium fabrizioi	458075	Epitonium fabrizioi
Epitonium sp.	137943	exact	urn:lsid:marinespecies.org:taxname:137943	Epitonium	137943	Epitonium
Eriphia squamata	440487	exact	urn:lsid:marinespecies.org:taxname:440487	Eriphia squamata	440487	Eriphia squamata
Eulalia clavigera	155375	exact	urn:lsid:marinespecies.org:taxname:155375	Eulalia clavigera	155375	Eulalia clavigera
Eunice cedroensis	327654	exact	urn:lsid:marinespecies.org:taxname:327654	Eunice cedroensis	327654	Eunice cedroensis
Exosphaeroma sp.	118429	exact	urn:lsid:marinespecies.org:taxname:118429	Exosphaeroma	118429	Exosphaeroma
Fissurella	138013	exact	urn:lsid:marinespecies.org:taxname:138013	Fissurella	138013	Fissurella
Fissurella costata	570480	exact	urn:lsid:marinespecies.org:taxname:570480	Fissurella costata	570480	Fissurella costata
Fissurella crassa	570517	exact	urn:lsid:marinespecies.org:taxname:570517	Fissurella crassa	570517	Fissurella crassa
Fissurella longifissa	729940	exact	urn:lsid:marinespecies.org:taxname:729940	Fissurella longifissa	729940	Fissurella longifissa
Fissurella nigra	532846	exact	urn:lsid:marinespecies.org:taxname:532846	Fissurella nigra	532846	Fissurella nigra
Fissurella picta	527556	exact	urn:lsid:marinespecies.org:taxname:527556	Fissurella picta	527556	Fissurella picta
Fissurella radiosa tixierae	533644	exact	urn:lsid:marinespecies.org:taxname:533644	Fissurella radiosa tixierae	533644	Fissurella radiosa tixierae
Fissurella sp	138013	exact	urn:lsid:marinespecies.org:taxname:138013	Fissurella	138013	Fissurella
Fissurella virescens	575126	exact	urn:lsid:marinespecies.org:taxname:575126	Fissurella virescens	575126	Fissurella virescens
Fucus distichus	145544	exact	urn:lsid:marinespecies.org:taxname:145544	Fucus distichus	145544	Fucus distichus
Gelidiella acerosa	145567	exact	urn:lsid:marinespecies.org:taxname:145567	Gelidiella acerosa	145567	Gelidiella acerosa
Gelidiopsis sp.	144244	exact	urn:lsid:marinespecies.org:taxname:144244	Gelidiopsis	206099	Ceratodictyon
Gelidium chilense	373658	exact	urn:lsid:marinespecies.org:taxname:373658	Gelidium chilense	373658	Gelidium chilense
Gelidium sclerophyllum	375455	exact	urn:lsid:marinespecies.org:taxname:375455	Gelidium sclerophyllum	375455	Gelidium sclerophyllum
Gelidium sp.	144135	exact	urn:lsid:marinespecies.org:taxname:144135	Gelidium	144135	Gelidium
Gemophos ringens	491015	exact	urn:lsid:marinespecies.org:taxname:491015	Gemophos ringens	491015	Gemophos ringens
Gemophos sp.	415414	exact	urn:lsid:marinespecies.org:taxname:415414	Gemophos	415414	Gemophos
Gigartina skottsbergii	371735	exact	urn:lsid:marinespecies.org:taxname:371735	Gigartina skottsbergii	371735	Gigartina skottsbergii
Gracilaria sp.	144188	exact	urn:lsid:marinespecies.org:taxname:144188	Gracilaria	144188	Gracilaria
Grapsus grapsus	422188	exact	urn:lsid:marinespecies.org:taxname:422188	Grapsus grapsus	422188	Grapsus grapsus
GYMNOGONGRUS	144168	exact	urn:lsid:marinespecies.org:taxname:144168	Gymnogongrus	144168	Gymnogongrus
Haliclona sp	131834	exact	urn:lsid:marinespecies.org:taxname:131834	Haliclona	131834	Haliclona
Halimeda cuneata	211514	exact	urn:lsid:marinespecies.org:taxname:211514	Halimeda cuneata	211514	Halimeda cuneata
Heliaster cumingi	255072	exact	urn:lsid:marinespecies.org:taxname:255072	Heliaster cumingi	255072	Heliaster cumingi
Hespererato scabriuscula	594578	exact	urn:lsid:marinespecies.org:taxname:594578	Hespererato scabriuscula	594578	Hespererato scabriuscula
Hildenbrandia	144191	exact	urn:lsid:marinespecies.org:taxname:144191	Hildenbrandia	144191	Hildenbrandia
HILDENBRANDIA	144191	exact	urn:lsid:marinespecies.org:taxname:144191	Hildenbrandia	144191	Hildenbrandia
Hildenbrandia lecannellieri	213854	exact	urn:lsid:marinespecies.org:taxname:213854	Hildenbrandia lecannellieri	213854	Hildenbrandia lecannellieri
Hildenbrandia rubra	145712	exact	urn:lsid:marinespecies.org:taxname:145712	Hildenbrandia rubra	145712	Hildenbrandia rubra
Hipponix pitosus	575162	near_1	urn:lsid:marinespecies.org:taxname:575162	Hipponix pilosus	716495	Pilosabia trigona
Hipponix sp	138072	exact	urn:lsid:marinespecies.org:taxname:138072	Hipponix	138072	Hipponix
Holothuria (Selenkothuria) portovallartensis	241853	exact	urn:lsid:marinespecies.org:taxname:241853	Holothuria (Selenkothuria) portovallartensis	241853	Holothuria (Selenkothuria) portovallartensis
Holothuria sp.	123456	exact	urn:lsid:marinespecies.org:taxname:123456	Holothuria	123456	Holothuria
Hypnea cervicornis	220819	exact	urn:lsid:marinespecies.org:taxname:220819	Hypnea cervicornis	145635	Hypnea spinella
Hypnea sp.	144157	exact	urn:lsid:marinespecies.org:taxname:144157	Hypnea	144157	Hypnea
Hypnea valentiae	145636	exact	urn:lsid:marinespecies.org:taxname:145636	Hypnea valentiae	145636	Hypnea valentiae
Idotea balthica	119039	exact	urn:lsid:marinespecies.org:taxname:119039	Idotea balthica	119039	Idotea balthica
Iridaea cordata	325522	exact	urn:lsid:marinespecies.org:taxname:325522	Iridaea cordata	325522	Iridaea cordata
Iridaea tuberculosa	371712	exact	urn:lsid:marinespecies.org:taxname:371712	Iridaea tuberculosa	371712	Iridaea tuberculosa
Ischnochiton dispar	848042	exact	urn:lsid:marinespecies.org:taxname:848042	Ischnochiton dispar	848042	Ischnochiton dispar
Isognomon bicolor	420737	exact	urn:lsid:marinespecies.org:taxname:420737	Isognomon bicolor	420737	Isognomon bicolor
Isognomon janus	507054	exact	urn:lsid:marinespecies.org:taxname:507054	Isognomon janus	507054	Isognomon janus
ISOPODA	1131	exact	urn:lsid:marinespecies.org:taxname:1131	Isopoda	1131	Isopoda
Jania sp.	144012	exact	urn:lsid:marinespecies.org:taxname:144012	Jania	144012	Jania
Lacuna vincta	140170	exact	urn:lsid:marinespecies.org:taxname:140170	Lacuna vincta	140170	Lacuna vincta
Laurencia sp.	143914	exact	urn:lsid:marinespecies.org:taxname:143914	Laurencia	143914	Laurencia
Leathesia sp.	143973	exact	urn:lsid:marinespecies.org:taxname:143973	Leathesia	143973	Leathesia
Leiosolenus patagonicus	506057	exact	urn:lsid:marinespecies.org:taxname:506057	Leiosolenus patagonicus	506057	Leiosolenus patagonicus
Lessonia nigrescens	373654	exact	urn:lsid:marinespecies.org:taxname:373654	Lessonia nigrescens	373654	Lessonia nigrescens
Lessonia spicata	837696	exact	urn:lsid:marinespecies.org:taxname:837696	Lessonia spicata	837696	Lessonia spicata
Lithophyllum rugosum	547486	exact	urn:lsid:marinespecies.org:taxname:547486	Lithophyllum rugosum	547486	Lithophyllum rugosum
Lithophyllum sp.	144016	exact	urn:lsid:marinespecies.org:taxname:144016	Lithophyllum	144016	Lithophyllum
Lithothamniaceae	1305091	exact	urn:lsid:marinespecies.org:taxname:1305091	Lithothamniaceae	1305091	Lithothamniaceae
Lithothamnion sp.	144018	exact	urn:lsid:marinespecies.org:taxname:144018	Lithothamnion	144018	Lithothamnion
Lithothamnium sp.	205926	exact	urn:lsid:marinespecies.org:taxname:205926	Lithothamnium	144016	Lithophyllum
Littorina littorea	140262	exact	urn:lsid:marinespecies.org:taxname:140262	Littorina littorea	140262	Littorina littorea
Littorina obtusata	140263	exact	urn:lsid:marinespecies.org:taxname:140263	Littorina obtusata	140263	Littorina obtusata
Lobophora variegata	145381	exact	urn:lsid:marinespecies.org:taxname:145381	Lobophora variegata	145381	Lobophora variegata
Lottia	160336	exact	urn:lsid:marinespecies.org:taxname:160336	Lottia	160336	Lottia
Lottia mesoleuca	456599	exact	urn:lsid:marinespecies.org:taxname:456599	Lottia mesoleuca	456599	Lottia mesoleuca
Mastocarpus latissiumus	625994	phonetic	urn:lsid:marinespecies.org:taxname:625994	Mastocarpus latissimus	625994	Mastocarpus latissimus
Mastocarpus stellatus	145650	exact	urn:lsid:marinespecies.org:taxname:145650	Mastocarpus stellatus	145650	Mastocarpus stellatus
Mazzaella laminarioides	371711	exact	urn:lsid:marinespecies.org:taxname:371711	Mazzaella laminarioides	371711	Mazzaella laminarioides
Mithraculus denticulatus	442116	exact	urn:lsid:marinespecies.org:taxname:442116	Mithraculus denticulatus	442116	Mithraculus denticulatus
Mitra tristis	590684	exact	urn:lsid:marinespecies.org:taxname:590684	Mitra tristis	890223	Strigatella tristis
Mitrella	137804	exact	urn:lsid:marinespecies.org:taxname:137804	Mitrella	137804	Mitrella
Mitrella elegans	511500	exact	urn:lsid:marinespecies.org:taxname:511500	Mitrella elegans	511500	Mitrella elegans
Monanchora	169014	exact	urn:lsid:marinespecies.org:taxname:169014	Monanchora	169014	Monanchora
Monostroma hariotii	325529	exact	urn:lsid:marinespecies.org:taxname:325529	Monostroma hariotii	325529	Monostroma hariotii
Montemaria horridula	373662	exact	urn:lsid:marinespecies.org:taxname:373662	Montemaria horridula	373662	Montemaria horridula
Muricopsis zeteki	408754	exact	urn:lsid:marinespecies.org:taxname:408754	Muricopsis zeteki	408754	Muricopsis zeteki
Myriogloea sp.	146276	exact	urn:lsid:marinespecies.org:taxname:146276	Myriogloea	146276	Myriogloea
Myriogramme	143892	exact	urn:lsid:marinespecies.org:taxname:143892	Myriogramme	143892	Myriogramme
Mytilaster solisianus	506154	exact	urn:lsid:marinespecies.org:taxname:506154	Mytilaster solisianus	506154	Mytilaster solisianus
MYTILUS	138228	exact	urn:lsid:marinespecies.org:taxname:138228	Mytilus	138228	Mytilus
Mytilus chilensis	397041	exact	urn:lsid:marinespecies.org:taxname:397041	Mytilus chilensis	397041	Mytilus chilensis
Mytilus edulis	140480	exact	urn:lsid:marinespecies.org:taxname:140480	Mytilus edulis	140480	Mytilus edulis
Mytilus edulis platensis	718572	exact	urn:lsid:marinespecies.org:taxname:718572	Mytilus edulis platensis	506158	Mytilus platensis
Nacella concinna	197296	exact	urn:lsid:marinespecies.org:taxname:197296	Nacella concinna	197296	Nacella concinna
Nacella deaurata	456656	exact	urn:lsid:marinespecies.org:taxname:456656	Nacella deaurata	456656	Nacella deaurata
Nacella magellanica	456657	exact	urn:lsid:marinespecies.org:taxname:456657	Nacella magellanica	456657	Nacella magellanica
NEMALION	144212	exact	urn:lsid:marinespecies.org:taxname:144212	Nemalion	144212	Nemalion
Neotiara lens	1060338	exact	urn:lsid:marinespecies.org:taxname:1060338	Neotiara lens	1060338	Neotiara lens
Nerita funiculata	575247	exact	urn:lsid:marinespecies.org:taxname:575247	Nerita funiculata	575247	Nerita funiculata
Nerita scabricosta	575248	exact	urn:lsid:marinespecies.org:taxname:575248	Nerita scabricosta	575248	Nerita scabricosta
Nothogenia fastigiata	373489	exact	urn:lsid:marinespecies.org:taxname:373489	Nothogenia fastigiata	373489	Nothogenia fastigiata
Nothogenia sp	206661	exact	urn:lsid:marinespecies.org:taxname:206661	Nothogenia	206661	Nothogenia
Nothogenia sp1	206661	exact	urn:lsid:marinespecies.org:taxname:206661	Nothogenia	206661	Nothogenia
Nothogenia sp2	206661	exact	urn:lsid:marinespecies.org:taxname:206661	Nothogenia	206661	Nothogenia
Notobalanus flosculus	733530	exact	urn:lsid:marinespecies.org:taxname:733530	Notobalanus flosculus	733530	Notobalanus flosculus
Notochthamalus scabrosus	733206	exact	urn:lsid:marinespecies.org:taxname:733206	Notochthamalus scabrosus	733206	Notochthamalus scabrosus
Nucella lapillus	140403	exact	urn:lsid:marinespecies.org:taxname:140403	Nucella lapillus	140403	Nucella lapillus
Ochtodes secundiramea	372964	exact	urn:lsid:marinespecies.org:taxname:372964	Ochtodes secundiramea	372964	Ochtodes secundiramea
Omalacantha bicornuta	878753	exact	urn:lsid:marinespecies.org:taxname:878753	Omalacantha bicornuta	878753	Omalacantha bicornuta
Ophiactis savignyi	125122	exact	urn:lsid:marinespecies.org:taxname:125122	Ophiactis savignyi	125122	Ophiactis savignyi
Ophiocoma aethiops	243571	exact	urn:lsid:marinespecies.org:taxname:243571	Ophiocoma aethiops	243571	Ophiocoma aethiops
Ophiocomella alexandri	1306697	exact	urn:lsid:marinespecies.org:taxname:1306697	Ophiocomella alexandri	1306697	Ophiocomella alexandri
Ophionereis annulata	243877	exact	urn:lsid:marinespecies.org:taxname:243877	Ophionereis annulata	243877	Ophionereis annulata
Oulactis concinnata	290537	exact	urn:lsid:marinespecies.org:taxname:290537	Oulactis concinnata	290537	Oulactis concinnata
Ozius verreauxii	440522	exact	urn:lsid:marinespecies.org:taxname:440522	Ozius verreauxii	440522	Ozius verreauxii
Pachycheles grossimanus	425870	exact	urn:lsid:marinespecies.org:taxname:425870	Pachycheles grossimanus	425870	Pachycheles grossimanus
Pachygrapsus transversus	107457	exact	urn:lsid:marinespecies.org:taxname:107457	Pachygrapsus transversus	107457	Pachygrapsus transversus
Padina durvillaei	495133	match_deleted	urn:lsid:marinespecies.org:taxname:495133	Padina durvillei	495133	Padina durvillei
Padina gymnospora	145384	exact	urn:lsid:marinespecies.org:taxname:145384	Padina gymnospora	145384	Padina gymnospora
Padina mexicana	375601	exact	urn:lsid:marinespecies.org:taxname:375601	Padina mexicana	375601	Padina mexicana
Paguroidea	106687	exact	urn:lsid:marinespecies.org:taxname:106687	Paguroidea	106687	Paguroidea
Palaemonidae	106788	exact	urn:lsid:marinespecies.org:taxname:106788	Palaemonidae	106788	Palaemonidae
Palythoa tuberculosa	220520	exact	urn:lsid:marinespecies.org:taxname:220520	Palythoa tuberculosa	220520	Palythoa tuberculosa
Parabunodactis imperfecta	290601	exact	urn:lsid:marinespecies.org:taxname:290601	Parabunodactis imperfecta	290601	Parabunodactis imperfecta
Parvanachis pygmaea	747168	exact	urn:lsid:marinespecies.org:taxname:747168	Parvanachis pygmaea	747168	Parvanachis pygmaea
Perumytilus purpuratus	600490	exact	urn:lsid:marinespecies.org:taxname:600490	Perumytilus purpuratus	600490	Perumytilus purpuratus
PETALONIA	144257	exact	urn:lsid:marinespecies.org:taxname:144257	Petalonia	144257	Petalonia
Petalonia fascia	145863	exact	urn:lsid:marinespecies.org:taxname:145863	Petalonia fascia	145863	Petalonia fascia
Phaeophyceae	830	exact	urn:lsid:marinespecies.org:taxname:830	Phaeophyceae	830	Phaeophyceae
Phaeophyta sp1	829	exact	urn:lsid:marinespecies.org:taxname:829	Phaeophyta	830	Phaeophyceae
Phaeurus antarcticus	325545	exact	urn:lsid:marinespecies.org:taxname:325545	Phaeurus antarcticus	325545	Phaeurus antarcticus
Phascolosoma (Phascolosoma) cf. nigrescens	220538	exact	urn:lsid:marinespecies.org:taxname:220538	Phascolosoma (Phascolosoma) nigrescens	220538	Phascolosoma (Phascolosoma) nigrescens
Phragmatopoma moerchi	337791	exact	urn:lsid:marinespecies.org:taxname:337791	Phragmatopoma moerchi	330551	Phragmatopoma virgini
Phragmatopoma sp.	325241	exact	urn:lsid:marinespecies.org:taxname:325241	Phragmatopoma	325241	Phragmatopoma
Phymactis clematis	290758	exact	urn:lsid:marinespecies.org:taxname:290758	Phymactis clematis	290758	Phymactis clematis
Phymactis papillosa	290760	exact	urn:lsid:marinespecies.org:taxname:290760	Phymactis papillosa	290760	Phymactis papillosa
Physalia sp.	135382	exact	urn:lsid:marinespecies.org:taxname:135382	Physalia	135382	Physalia
Planaria	147038	exact	urn:lsid:marinespecies.org:taxname:147038	Planaria	147038	Planaria
Planaxis planicostatus	575282	exact	urn:lsid:marinespecies.org:taxname:575282	Planaxis planicostatus	575282	Planaxis planicostatus
Plaxiphora aurata aurata	817224	exact	urn:lsid:marinespecies.org:taxname:817224	Plaxiphora aurata aurata	386380	Plaxiphora (Plaxiphora) aurata
Plicopurpura columellaris	396989	exact	urn:lsid:marinespecies.org:taxname:396989	Plicopurpura columellaris	396989	Plicopurpura columellaris
Plocamium brasiliense	372977	exact	urn:lsid:marinespecies.org:taxname:372977	Plocamium brasiliense	372977	Plocamium brasiliense
Polychaeta	883	exact	urn:lsid:marinespecies.org:taxname:883	Polychaeta	883	Polychaeta
Polysiphonia	143853	exact	urn:lsid:marinespecies.org:taxname:143853	Polysiphonia	143853	Polysiphonia
POLYSIPHONIA	143853	exact	urn:lsid:marinespecies.org:taxname:143853	Polysiphonia	143853	Polysiphonia
Polysiphonia mollis	214252	exact	urn:lsid:marinespecies.org:taxname:214252	Polysiphonia mollis	214252	Polysiphonia mollis
Polysiphonia sp 1	143853	exact	urn:lsid:marinespecies.org:taxname:143853	Polysiphonia	143853	Polysiphonia
Polysiphonia sp.	143853	exact	urn:lsid:marinespecies.org:taxname:143853	Polysiphonia	143853	Polysiphonia
Porifera	558	exact	urn:lsid:marinespecies.org:taxname:558	Porifera	558	Porifera
Porifera sp1	558	exact	urn:lsid:marinespecies.org:taxname:558	Porifera	558	Porifera
Porolithon	370087	exact	urn:lsid:marinespecies.org:taxname:370087	Porolithon	370087	Porolithon
Porolithon onkodes	495983	exact	urn:lsid:marinespecies.org:taxname:495983	Porolithon onkodes	495983	Porolithon onkodes
Porphyra	143808	exact	urn:lsid:marinespecies.org:taxname:143808	Porphyra	143808	Porphyra
PORPHYRA	143808	exact	urn:lsid:marinespecies.org:taxname:143808	Porphyra	143808	Porphyra
Prosthiostomidae spp.	142069	exact	urn:lsid:marinespecies.org:taxname:142069	Prosthiostomidae	142069	Prosthiostomidae
Protomonostroma undulatum	145946	exact	urn:lsid:marinespecies.org:taxname:145946	Protomonostroma undulatum	145946	Protomonostroma undulatum
Pseudechinus magellanicus	160822	exact	urn:lsid:marinespecies.org:taxname:160822	Pseudechinus magellanicus	160822	Pseudechinus magellanicus
Pyropia	603075	exact	urn:lsid:marinespecies.org:taxname:603075	Pyropia	603075	Pyropia
Pyropia columbina	626037	exact	urn:lsid:marinespecies.org:taxname:626037	Pyropia columbina	626037	Pyropia columbina
Pyropia endiviifolia	626042	exact	urn:lsid:marinespecies.org:taxname:626042	Pyropia endiviifolia	626042	Pyropia endiviifolia
Pyropia orbicularis	841065	exact	urn:lsid:marinespecies.org:taxname:841065	Pyropia orbicularis	841065	Pyropia orbicularis
Pyropia sp	603075	exact	urn:lsid:marinespecies.org:taxname:603075	Pyropia	603075	Pyropia
Pyura chilensis	251256	exact	urn:lsid:marinespecies.org:taxname:251256	Pyura chilensis	251256	Pyura chilensis
Ralfsia	143985	exact	urn:lsid:marinespecies.org:taxname:143985	Ralfsia	143985	Ralfsia
RALFSIA	603705	exact	urn:lsid:marinespecies.org:taxname:603705	Ralfsia	603705	Ralfsia
Ralfsia sp.	143985	exact	urn:lsid:marinespecies.org:taxname:143985	Ralfsia	143985	Ralfsia
Rhizoclonium ambigum	214388	phonetic	urn:lsid:marinespecies.org:taxname:214388	Rhizoclonium ambiguum	214388	Rhizoclonium ambiguum
Rhodophyta sp1	852	exact	urn:lsid:marinespecies.org:taxname:852	Rhodophyta	852	Rhodophyta
Sabellidae sp.	985	exact	urn:lsid:marinespecies.org:taxname:985	Sabellidae	985	Sabellidae
Sarcothalia crispata	371718	exact	urn:lsid:marinespecies.org:taxname:371718	Sarcothalia crispata	371718	Sarcothalia crispata
Sargassum	144132	exact	urn:lsid:marinespecies.org:taxname:144132	Sargassum	144132	Sargassum
Sargassum cf pacificum	495052	exact	urn:lsid:marinespecies.org:taxname:495052	Sargassum pacificum	495052	Sargassum pacificum
Sargassum sp.	144132	exact	urn:lsid:marinespecies.org:taxname:144132	Sargassum	144132	Sargassum
SCHIZYMENIA	144176	exact	urn:lsid:marinespecies.org:taxname:144176	Schizymenia	144176	Schizymenia
Schottera nicaeensis	145666	exact	urn:lsid:marinespecies.org:taxname:145666	Schottera nicaeensis	145666	Schottera nicaeensis
Scurria araucana	511348	exact	urn:lsid:marinespecies.org:taxname:511348	Scurria araucana	511348	Scurria araucana
Scurria ceciliana	456696	exact	urn:lsid:marinespecies.org:taxname:456696	Scurria ceciliana	456696	Scurria ceciliana
Scurria parasitica	456645	exact	urn:lsid:marinespecies.org:taxname:456645	Scurria parasitica	456645	Scurria parasitica
Scurria zebrina	456651	exact	urn:lsid:marinespecies.org:taxname:456651	Scurria zebrina	456651	Scurria zebrina
Scytosiphon lomentaria	145869	exact	urn:lsid:marinespecies.org:taxname:145869	Scytosiphon lomentaria	145869	Scytosiphon lomentaria
Scytosiphon sp.	144259	exact	urn:lsid:marinespecies.org:taxname:144259	Scytosiphon	144259	Scytosiphon
Semibalanus balanoides	106210	exact	urn:lsid:marinespecies.org:taxname:106210	Semibalanus balanoides	106210	Semibalanus balanoides
Semimytilus algosus	224601	exact	urn:lsid:marinespecies.org:taxname:224601	Semimytilus algosus	224601	Semimytilus algosus
SIPHONARIA	138489	exact	urn:lsid:marinespecies.org:taxname:138489	Siphonaria	138489	Siphonaria
Siphonaria gigas	527759	exact	urn:lsid:marinespecies.org:taxname:527759	Siphonaria gigas	527759	Siphonaria gigas
Siphonaria lessoni	533427	phonetic	urn:lsid:marinespecies.org:taxname:533427	Siphonaria lessonii	533427	Siphonaria lessonii
Siphonaria lessonii	533427	exact	urn:lsid:marinespecies.org:taxname:533427	Siphonaria lessonii	533427	Siphonaria lessonii
Siphonaria maura	575365	exact	urn:lsid:marinespecies.org:taxname:575365	Siphonaria maura	575365	Siphonaria maura
Siphonaria palmata	575366	exact	urn:lsid:marinespecies.org:taxname:575366	Siphonaria palmata	575366	Siphonaria palmata
Stichaster striatus	378839	exact	urn:lsid:marinespecies.org:taxname:378839	Stichaster striatus	378839	Stichaster striatus
Struvea anastomosans	146245	exact	urn:lsid:marinespecies.org:taxname:146245	Struvea anastomosans	146242	Phyllodictyon anastomosans
SYLIS	129680	phonetic	urn:lsid:marinespecies.org:taxname:129680	Syllis	129680	Syllis
Taliepus dentatus	441501	exact	urn:lsid:marinespecies.org:taxname:441501	Taliepus dentatus	441501	Taliepus dentatus
Tegula atra	533469	exact	urn:lsid:marinespecies.org:taxname:533469	Tegula atra	533469	Tegula atra
Tegula panamensis	575634	exact	urn:lsid:marinespecies.org:taxname:575634	Tegula panamensis	575634	Tegula panamensis
Tegula patagonica	533470	exact	urn:lsid:marinespecies.org:taxname:533470	Tegula patagonica	533470	Tegula patagonica
Testudinalia testudinalis	234208	exact	urn:lsid:marinespecies.org:taxname:234208	Testudinalia testudinalis	234208	Testudinalia testudinalis
Tetraclita milleporosa	882228	exact	urn:lsid:marinespecies.org:taxname:882228	Tetraclita milleporosa	733561	Tetraclita squamosa milleporosa
Tetraclita squamosa panamensis	733562	exact	urn:lsid:marinespecies.org:taxname:733562	Tetraclita squamosa panamensis	733562	Tetraclita squamosa panamensis
Tetraclita stalactifera	421131	exact	urn:lsid:marinespecies.org:taxname:421131	Tetraclita stalactifera	421131	Tetraclita stalactifera
Tetrapygus niger	513606	exact	urn:lsid:marinespecies.org:taxname:513606	Tetrapygus niger	513606	Tetrapygus niger
Tonicia chilensis	386329	exact	urn:lsid:marinespecies.org:taxname:386329	Tonicia chilensis	386329	Tonicia chilensis
Tonicia lebruni	386333	exact	urn:lsid:marinespecies.org:taxname:386333	Tonicia lebruni	386333	Tonicia lebruni
Trematocarpus antarcticus	377122	exact	urn:lsid:marinespecies.org:taxname:377122	Trematocarpus antarcticus	377122	Trematocarpus antarcticus
Trematocarpus dichotomus	373661	exact	urn:lsid:marinespecies.org:taxname:373661	Trematocarpus dichotomus	373661	Trematocarpus dichotomus
Trophon geversianus	197512	exact	urn:lsid:marinespecies.org:taxname:197512	Trophon geversianus	197512	Trophon geversianus
Uca sp. 1	106971	exact	urn:lsid:marinespecies.org:taxname:106971	Uca	106971	Uca
Uca sp. 2	106971	exact	urn:lsid:marinespecies.org:taxname:106971	Uca	106971	Uca
Ulothrix	144287	exact	urn:lsid:marinespecies.org:taxname:144287	Ulothrix	144287	Ulothrix
Ulva	144296	exact	urn:lsid:marinespecies.org:taxname:144296	Ulva	144296	Ulva
ULVA	144296	exact	urn:lsid:marinespecies.org:taxname:144296	Ulva	144296	Ulva
Ulva intestinalis	234471	exact	urn:lsid:marinespecies.org:taxname:234471	Ulva intestinalis	234471	Ulva intestinalis
Ulva lactuca	145984	exact	urn:lsid:marinespecies.org:taxname:145984	Ulva lactuca	145984	Ulva lactuca
Ulva prolifera	234476	exact	urn:lsid:marinespecies.org:taxname:234476	Ulva prolifera	234476	Ulva prolifera
Ulva sp	144296	exact	urn:lsid:marinespecies.org:taxname:144296	Ulva	144296	Ulva
Ulva sp 1	144296	exact	urn:lsid:marinespecies.org:taxname:144296	Ulva	144296	Ulva
Ulva sp.	144296	exact	urn:lsid:marinespecies.org:taxname:144296	Ulva	144296	Ulva
Undaria pinnatifida	145721	exact	urn:lsid:marinespecies.org:taxname:145721	Undaria pinnatifida	145721	Undaria pinnatifida
Urochordata	1822	exact	urn:lsid:marinespecies.org:taxname:1822	Urochordata	146420	Tunicata
Urospora penicilliformis	144420	exact	urn:lsid:marinespecies.org:taxname:144420	Urospora penicilliformis	144420	Urospora penicilliformis
Valonia sp.	144267	exact	urn:lsid:marinespecies.org:taxname:144267	Valonia	144267	Valonia
Vasula melones	714223	exact	urn:lsid:marinespecies.org:taxname:714223	Vasula melones	714223	Vasula melones
Vermetidae	23139	exact	urn:lsid:marinespecies.org:taxname:23139	Vermetidae	23139	Vermetidae
Verrucaria sp.	147701	exact	urn:lsid:marinespecies.org:taxname:147701	Verrucaria	147701	Verrucaria
Vertebrata lanosa	475211	exact	urn:lsid:marinespecies.org:taxname:475211	Vertebrata lanosa	475211	Vertebrata lanosa
Zoanthus cf pulchellus	288840	exact	urn:lsid:marinespecies.org:taxname:288840	Zoanthus pulchellus	288840	Zoanthus pulchellus
Zoanthus cf. sansibaricus	220521	exact	urn:lsid:marinespecies.org:taxname:220521	Zoanthus sansibaricus	220521	Zoanthus sansibaricus
Zoanthus pulchellus	288840	exact	urn:lsid:marinespecies.org:taxname:288840	Zoanthus pulchellus	288840	Zoanthus pulchellus
Zoanthus sociatus	288843	exact	urn:lsid:marinespecies.org:taxname:288843	Zoanthus sociatus	288843	Zoanthus sociatus
